{"approvals": [{"submissionObject": "public_audience_request", "reviewedAt": 1512153385, "submittedAt": 1512153385, "submissionOutcome": "change_audience", "submissionDetails": {"permissionType": "READ"}, "state": "approved", "reviewer": {"id": "95pg-i79k", "displayName": "ChelseaU"}, "submissionOutcomeApplication": {"failureCount": 0, "status": "success"}, "submissionId": 882461, "workflowId": 2212, "reviewedAutomatically": false, "submitter": {"id": "95pg-i79k", "displayName": "ChelseaU"}}], "publicationDate": 1504035043, "tableAuthor": {"id": "art8-rc4x", "displayName": "LAPD OpenData", "type": "interactive", "screenName": "LAPD OpenData", "userSegment": "site_member", "flags": ["acceptedEula", "mayBeStoriesCoOwner"], "profileImageUrlLarge": "/api/users/art8-rc4x/profile_images/LARGE", "profileImageUrlSmall": "/api/users/art8-rc4x/profile_images/TINY", "profileImageUrlMedium": "/api/users/art8-rc4x/profile_images/THUMB"}, "rowClass": "", "averageRating": 0, "rowsUpdatedBy": "art8-rc4x", "owner": {"id": "art8-rc4x", "displayName": "LAPD OpenData", "type": "interactive", "screenName": "LAPD OpenData", "userSegment": "site_member", "flags": ["acceptedEula", "mayBeStoriesCoOwner"], "profileImageUrlLarge": "/api/users/art8-rc4x/profile_images/LARGE", "profileImageUrlSmall": "/api/users/art8-rc4x/profile_images/TINY", "profileImageUrlMedium": "/api/users/art8-rc4x/profile_images/THUMB"}, "tags": ["lapd", "traffic", "traffic data", "police", "safe city", "traffic collision"], "downloadCount": 2503, "publicationStage": "published", "viewLastModified": 1536188463, "attribution": "Los Angeles Police Department", "id": "d5tf-ez2w", "provenance": "official", "category": "A Safe City", "license": {"logoUrl": "images/licenses/ccZero.png", "termsLink": "http://creativecommons.org/publicdomain/zero/1.0/legalcode", "name": "Creative Commons 1.0 Universal (Public Domain Dedication)"}, "publicationGroup": 14258040, "hideFromDataJson": false, "newBackend": true, "flags": ["default", "restorable", "restorePossibleForType"], "createdAt": 1496929367, "oid": 26151681, "query": {"orderBys": [{"expression": {"columnId": 306091910, "type": "column"}, "ascending": false}]}, "grants": [{"flags": ["public"], "type": "viewer", "inherited": false}], "tableId": 14258040, "displayType": "table", "name": "Traffic Collision Data from 2010 to Present", "viewCount": 10016, "numberOfComments": 0, "metadata": {"rdfSubject": "dr_no", "custom_fields": {"Data Owner": {"Department": "LAPD"}, "Location Specified": {"Does this data have a Location column? (Yes or No)": "Yes"}, "Committed Update Frequency": {"Refresh rate": "Weekly"}}, "rowIdentifier": 313831413, "rdfClass": "", "renderTypeConfig": {"visible": {"table": true}}, "jsonQuery": {"order": [{"columnFieldName": "date_occ", "ascending": false}]}, "availableDisplayTypes": ["table", "fatrow", "page"], "rowLabel": "traffic collision incident"}, "viewType": "tabular", "publicationAppendEnabled": false, "rights": ["read"], "totalTimesRated": 0, "columns": [{"id": 313831413, "renderTypeName": "text", "cachedContents": {"not_null": "501953", "cardinality": "502858", "null": "0", "smallest": "100100007", "top": [{"item": "100100767", "count": "1"}, {"item": "100100831", "count": "1"}, {"item": "100101004", "count": "1"}, {"item": "100101322", "count": "1"}, {"item": "100101705", "count": "1"}, {"item": "100101707", "count": "1"}, {"item": "100104017", "count": "1"}, {"item": "100104019", "count": "1"}, {"item": "100104025", "count": "1"}, {"item": "100104026", "count": "1"}, {"item": "100104049", "count": "1"}, {"item": "100104051", "count": "1"}, {"item": "100104092", "count": "1"}, {"item": "100104094", "count": "1"}, {"item": "100104103", "count": "1"}, {"item": "100104126", "count": "1"}, {"item": "100104157", "count": "1"}, {"item": "100104177", "count": "1"}, {"item": "100104222", "count": "1"}, {"item": "100104227", "count": "1"}], "non_null": "502858", "largest": "199928602"}, "name": "DR Number", "width": 151, "dataTypeName": "text", "format": {"noCommas": "true", "align": "right", "precisionStyle": "standard"}, "tableColumnId": 48763176, "fieldName": "dr_no", "position": 1, "description": "Division of Records Number: Official file number made up of a 2 digit year, area ID, and 5 digits."}, {"id": 313851818, "renderTypeName": "calendar_date", "cachedContents": {"not_null": "501953", "cardinality": "3621", "null": "0", "smallest": "2010-01-01T00:00:00.000", "top": [{"item": "2018-04-12T00:00:00.000", "count": "235"}, {"item": "2017-11-17T00:00:00.000", "count": "212"}, {"item": "2018-10-01T00:00:00.000", "count": "209"}, {"item": "2017-12-15T00:00:00.000", "count": "209"}, {"item": "2017-09-08T00:00:00.000", "count": "206"}, {"item": "2016-10-20T00:00:00.000", "count": "206"}, {"item": "2017-09-29T00:00:00.000", "count": "205"}, {"item": "2017-03-17T00:00:00.000", "count": "205"}, {"item": "2017-07-03T00:00:00.000", "count": "205"}, {"item": "2014-12-08T00:00:00.000", "count": "205"}, {"item": "2016-04-18T00:00:00.000", "count": "204"}, {"item": "2016-08-19T00:00:00.000", "count": "203"}, {"item": "2017-11-08T00:00:00.000", "count": "203"}, {"item": "2018-06-08T00:00:00.000", "count": "202"}, {"item": "2018-11-30T00:00:00.000", "count": "202"}, {"item": "2016-09-26T00:00:00.000", "count": "202"}, {"item": "2016-08-05T00:00:00.000", "count": "200"}, {"item": "2019-04-18T00:00:00.000", "count": "199"}, {"item": "2018-01-08T00:00:00.000", "count": "198"}, {"item": "2018-11-01T00:00:00.000", "count": "197"}], "non_null": "502858", "largest": "2019-11-30T00:00:00.000"}, "name": "Date Reported", "width": 169, "dataTypeName": "calendar_date", "format": {"align": "right", "view": "date"}, "tableColumnId": 48763177, "fieldName": "date_rptd", "position": 2, "description": "MM/DD/YYYY"}, {"id": 306091910, "renderTypeName": "calendar_date", "cachedContents": {"not_null": "501953", "cardinality": "3621", "null": "0", "smallest": "2010-01-01T00:00:00.000", "top": [{"item": "2017-11-17T00:00:00.000", "count": "230"}, {"item": "2016-12-15T00:00:00.000", "count": "223"}, {"item": "2017-12-01T00:00:00.000", "count": "219"}, {"item": "2010-12-17T00:00:00.000", "count": "219"}, {"item": "2016-02-17T00:00:00.000", "count": "218"}, {"item": "2018-02-16T00:00:00.000", "count": "217"}, {"item": "2018-10-12T00:00:00.000", "count": "216"}, {"item": "2015-10-09T00:00:00.000", "count": "213"}, {"item": "2018-01-08T00:00:00.000", "count": "212"}, {"item": "2015-11-20T00:00:00.000", "count": "208"}, {"item": "2018-12-07T00:00:00.000", "count": "207"}, {"item": "2018-03-02T00:00:00.000", "count": "206"}, {"item": "2018-01-09T00:00:00.000", "count": "204"}, {"item": "2017-09-29T00:00:00.000", "count": "204"}, {"item": "2017-11-04T00:00:00.000", "count": "202"}, {"item": "2018-11-30T00:00:00.000", "count": "202"}, {"item": "2010-02-05T00:00:00.000", "count": "202"}, {"item": "2017-06-16T00:00:00.000", "count": "201"}, {"item": "2017-10-27T00:00:00.000", "count": "201"}, {"item": "2018-09-21T00:00:00.000", "count": "201"}], "non_null": "502858", "largest": "2019-11-30T00:00:00.000"}, "name": "Date Occurred", "width": 169, "dataTypeName": "calendar_date", "format": {"align": "right", "view": "date"}, "tableColumnId": 48763178, "fieldName": "date_occ", "position": 3, "description": "MM/DD/YYYY"}, {"id": 313846228, "renderTypeName": "text", "cachedContents": {"not_null": "501953", "cardinality": "1439", "null": "0", "smallest": "0001", "top": [{"item": "1800", "count": "6968"}, {"item": "1700", "count": "6644"}, {"item": "1600", "count": "6483"}, {"item": "1500", "count": "6426"}, {"item": "1900", "count": "5984"}, {"item": "1400", "count": "5911"}, {"item": "1200", "count": "5638"}, {"item": "1300", "count": "5567"}, {"item": "1730", "count": "5563"}, {"item": "1830", "count": "5248"}, {"item": "0800", "count": "5189"}, {"item": "1530", "count": "5126"}, {"item": "1630", "count": "5030"}, {"item": "2000", "count": "4953"}, {"item": "1430", "count": "4664"}, {"item": "1000", "count": "4659"}, {"item": "2100", "count": "4565"}, {"item": "1100", "count": "4535"}, {"item": "1330", "count": "4464"}, {"item": "0900", "count": "4403"}], "non_null": "502858", "largest": "2359"}, "name": "Time Occurred", "width": 167, "dataTypeName": "text", "format": {"noCommas": "true", "align": "right", "precisionStyle": "standard"}, "tableColumnId": 48763179, "fieldName": "time_occ", "position": 4, "description": "In 24 hour military time."}, {"id": 313844721, "renderTypeName": "text", "cachedContents": {"not_null": "501953", "cardinality": "21", "null": "0", "smallest": "01", "top": [{"item": "12", "count": "31805"}, {"item": "03", "count": "29469"}, {"item": "07", "count": "28827"}, {"item": "08", "count": "27240"}, {"item": "15", "count": "26792"}, {"item": "20", "count": "26693"}, {"item": "14", "count": "26604"}, {"item": "09", "count": "25444"}, {"item": "13", "count": "25037"}, {"item": "17", "count": "24840"}, {"item": "06", "count": "24578"}, {"item": "10", "count": "24424"}, {"item": "11", "count": "22949"}, {"item": "19", "count": "21953"}, {"item": "21", "count": "21865"}, {"item": "18", "count": "20464"}, {"item": "01", "count": "20449"}, {"item": "02", "count": "18966"}, {"item": "05", "count": "18760"}, {"item": "04", "count": "18220"}], "non_null": "502858", "largest": "21"}, "name": "Area ID", "width": 123, "dataTypeName": "text", "format": {"align": "right", "displayStyle": "plain"}, "tableColumnId": 48763180, "fieldName": "area", "position": 5, "description": "The LAPD has 21 Community Police Stations referred to as Geographic Areas within the department. These Geographic Areas are sequentially numbered from 1-21."}, {"id": 306091913, "renderTypeName": "text", "cachedContents": {"not_null": "501953", "cardinality": "21", "null": "0", "smallest": "77th Street", "top": [{"item": "77th Street", "count": "31805"}, {"item": "Southwest", "count": "29469"}, {"item": "Wilshire", "count": "28827"}, {"item": "West LA", "count": "27240"}, {"item": "N Hollywood", "count": "26792"}, {"item": "Olympic", "count": "26693"}, {"item": "Pacific", "count": "26604"}, {"item": "Van Nuys", "count": "25444"}, {"item": "Newton", "count": "25037"}, {"item": "Devonshire", "count": "24840"}, {"item": "Hollywood", "count": "24578"}, {"item": "West Valley", "count": "24424"}, {"item": "Northeast", "count": "22949"}, {"item": "Mission", "count": "21953"}, {"item": "Topanga", "count": "21865"}, {"item": "Southeast", "count": "20464"}, {"item": "Central", "count": "20449"}, {"item": "Rampart", "count": "18966"}, {"item": "Harbor", "count": "18760"}, {"item": "Hollenbeck", "count": "18220"}], "non_null": "502858", "largest": "Wilshire"}, "name": "Area Name", "width": 153, "dataTypeName": "text", "format": {"align": "right", "displayStyle": "plain"}, "tableColumnId": 48763181, "fieldName": "area_name", "position": 6, "description": "The 21 Geographic Areas or Patrol Divisions are also given a name designation that references a landmark or the surrounding community that it is responsible for. For example 77th Street Division is located at the intersection of South Broadway and 77th Street, serving neighborhoods in South Los Angeles."}, {"id": 313843950, "renderTypeName": "text", "cachedContents": {"not_null": "501953", "cardinality": "1329", "null": "0", "smallest": "0100", "top": [{"item": "0645", "count": "2368"}, {"item": "1494", "count": "2062"}, {"item": "1309", "count": "2027"}, {"item": "0111", "count": "2015"}, {"item": "0646", "count": "2013"}, {"item": "0666", "count": "1883"}, {"item": "1764", "count": "1494"}, {"item": "1822", "count": "1443"}, {"item": "1063", "count": "1386"}, {"item": "0636", "count": "1356"}, {"item": "0914", "count": "1347"}, {"item": "0765", "count": "1342"}, {"item": "0923", "count": "1329"}, {"item": "1265", "count": "1319"}, {"item": "1802", "count": "1309"}, {"item": "0363", "count": "1308"}, {"item": "2029", "count": "1292"}, {"item": "0941", "count": "1282"}, {"item": "1245", "count": "1250"}, {"item": "0782", "count": "1242"}], "non_null": "502858", "largest": "2199"}, "name": "Reporting District", "width": 185, "dataTypeName": "text", "format": {"noCommas": "true", "align": "right", "precisionStyle": "standard"}, "tableColumnId": 48763182, "fieldName": "rpt_dist_no", "position": 7, "description": "A code used in producing reports to group data into geographic sub-areas within an area. Find LAPD Reporting Districts on the LA City GeoHub at http://geohub.lacity.org/datasets/c4f83909b81d4786aa8ba8a74a4b4db1_4\n"}, {"id": 313842930, "renderTypeName": "text", "cachedContents": {"not_null": "501953", "cardinality": "1", "null": "0", "smallest": "997", "top": [{"item": "997", "count": "502858"}], "non_null": "502858", "largest": "997"}, "name": "Crime Code", "width": 152, "dataTypeName": "text", "format": {"noCommas": "false", "align": "right", "precisionStyle": "standard"}, "tableColumnId": 48763183, "fieldName": "crm_cd", "position": 8, "description": "Indicates the crime committed. For this dataset - all Crime Code 997."}, {"id": 306091916, "renderTypeName": "text", "cachedContents": {"not_null": "501953", "cardinality": "1", "null": "0", "smallest": "TRAFFIC COLLISION", "top": [{"item": "TRAFFIC COLLISION", "count": "502858"}], "non_null": "502858", "largest": "TRAFFIC COLLISION"}, "name": "Crime Code Description", "width": 220, "dataTypeName": "text", "format": {"align": "right", "displayStyle": "plain"}, "tableColumnId": 48763184, "fieldName": "crm_cd_desc", "position": 9, "description": "Defines the Crime Code provided. For this dataset - all Traffic Collision."}, {"id": 306091917, "renderTypeName": "text", "cachedContents": {"not_null": "415888", "cardinality": "75938", "null": "86263", "smallest": "0100", "top": [{"item": "0605", "count": "15102"}, {"item": "3101 3401 3701 3006 3030", "count": "8499"}, {"item": "3101 3401 3701 3004 3030", "count": "7772"}, {"item": "3006 3028 3030 3035 3037 3101 3401 3701 4027", "count": "5677"}, {"item": "1501", "count": "5108"}, {"item": "3004 3037 3026 3101 3401 3701 4026", "count": "5070"}, {"item": "3004 3028 3030 3035 3037 3101 3401 3701 4027", "count": "4515"}, {"item": "3004 3036 3026 3101 3401 3701 4026", "count": "4029"}, {"item": "3004 3026 3035 3037 3101 3401 3701 4027", "count": "3627"}, {"item": "3101 3401 3701 3004 3026", "count": "3526"}, {"item": "3004 3037 3030 3028 3101 3401 3701 4026", "count": "3256"}, {"item": "3004 3026 3035 3036 3101 3401 3701 4027", "count": "3173"}, {"item": "3101 3401 3701 3004 3026 3036", "count": "2812"}, {"item": "3004 3036 3025 3101 3401 3701 4026", "count": "2387"}, {"item": "3101 3401 3701 3004 3030 3036", "count": "2297"}, {"item": "3006 3037 3030 3028 3101 3401 3701 4026", "count": "2167"}, {"item": "0605 1300", "count": "1967"}, {"item": "3004 3026 3101", "count": "1786"}, {"item": "3004 3037 3025 3101 3401 3701 4026", "count": "1727"}, {"item": "3101 3401 3701 3006 3030 3032", "count": "1685"}], "non_null": "416595", "largest": "9999 3101 3401 3701 3011 3034 3801"}, "name": "MO Codes", "width": 172, "dataTypeName": "text", "format": {"align": "right", "displayStyle": "plain"}, "tableColumnId": 48763185, "fieldName": "mocodes", "position": 10, "description": "Modus Operandi: Activities associated with the suspect in commission of the crime. See attached PDF for list of MO Codes in numerical order. \n\nhttps://data.lacity.org/api/views/y8tr-7khq/files/3a967fbd-f210-4857-bc52-60230efe256c?download=true&filename=MO%20CODES%20(numerical%20order).pdf"}, {"id": 313841222, "renderTypeName": "text", "cachedContents": {"not_null": "423306", "cardinality": "90", "null": "78695", "smallest": "10", "top": [{"item": "30", "count": "14628"}, {"item": "25", "count": "13645"}, {"item": "27", "count": "12044"}, {"item": "24", "count": "12029"}, {"item": "28", "count": "11941"}, {"item": "26", "count": "11799"}, {"item": "40", "count": "11750"}, {"item": "35", "count": "11714"}, {"item": "23", "count": "11634"}, {"item": "29", "count": "11236"}, {"item": "50", "count": "11236"}, {"item": "22", "count": "11125"}, {"item": "31", "count": "10555"}, {"item": "32", "count": "10294"}, {"item": "21", "count": "9812"}, {"item": "33", "count": "9718"}, {"item": "45", "count": "9405"}, {"item": "34", "count": "9391"}, {"item": "20", "count": "9023"}, {"item": "36", "count": "8944"}], "non_null": "424163", "largest": "99"}, "name": "Victim Age", "width": 146, "dataTypeName": "text", "format": {"noCommas": "false", "align": "right", "precisionStyle": "standard"}, "tableColumnId": 48763186, "fieldName": "vict_age", "position": 11, "description": "Two character numeric."}, {"id": 306091919, "renderTypeName": "text", "cachedContents": {"not_null": "494389", "cardinality": "5", "null": "7610", "smallest": "F", "top": [{"item": "M", "count": "292828"}, {"item": "F", "count": "190290"}, {"item": "X", "count": "11983"}, {"item": "H", "count": "136"}, {"item": "N", "count": "11"}], "non_null": "495248", "largest": "X"}, "name": "Victim Sex", "width": 141, "dataTypeName": "text", "format": {"align": "right", "displayStyle": "plain"}, "tableColumnId": 48763187, "fieldName": "vict_sex", "position": 12, "description": "F - Female M - Male X - Unknown"}, {"id": 306091920, "renderTypeName": "text", "cachedContents": {"not_null": "493597", "cardinality": "20", "null": "8402", "smallest": "-", "top": [{"item": "H", "count": "185399"}, {"item": "W", "count": "119310"}, {"item": "O", "count": "74175"}, {"item": "B", "count": "65726"}, {"item": "X", "count": "23408"}, {"item": "A", "count": "18788"}, {"item": "K", "count": "4003"}, {"item": "F", "count": "1500"}, {"item": "C", "count": "742"}, {"item": "U", "count": "353"}, {"item": "J", "count": "288"}, {"item": "V", "count": "196"}, {"item": "P", "count": "186"}, {"item": "I", "count": "152"}, {"item": "Z", "count": "137"}, {"item": "G", "count": "39"}, {"item": "S", "count": "32"}, {"item": "D", "count": "16"}, {"item": "L", "count": "4"}, {"item": "-", "count": "2"}], "non_null": "494456", "largest": "Z"}, "name": "Victim Descent", "width": 171, "dataTypeName": "text", "format": {"align": "right", "displayStyle": "plain"}, "tableColumnId": 48763188, "fieldName": "vict_descent", "position": 13, "description": "Descent Code: A - Other Asian B - Black C - Chinese D - Cambodian F - Filipino G - Guamanian H - Hispanic/Latin/Mexican I - American Indian/Alaskan Native J - Japanese K - Korean L - Laotian O - Other P - Pacific Islander S - Samoan U - Hawaiian V - Vietnamese W - White X - Unknown Z - Asian Indian"}, {"id": 313837385, "renderTypeName": "text", "cachedContents": {"not_null": "501928", "cardinality": "113", "null": "26", "smallest": "101", "top": [{"item": "101", "count": "479716"}, {"item": "108", "count": "16196"}, {"item": "102", "count": "2497"}, {"item": "103", "count": "872"}, {"item": "104", "count": "843"}, {"item": "110", "count": "468"}, {"item": "501", "count": "326"}, {"item": "301", "count": "316"}, {"item": "212", "count": "170"}, {"item": "707", "count": "141"}, {"item": "710", "count": "136"}, {"item": "116", "count": "107"}, {"item": "105", "count": "100"}, {"item": "109", "count": "98"}, {"item": "107", "count": "95"}, {"item": "502", "count": "84"}, {"item": "123", "count": "80"}, {"item": "726", "count": "69"}, {"item": "203", "count": "66"}, {"item": "210", "count": "40"}], "non_null": "502832", "largest": "937"}, "name": "Premise Code", "width": 165, "dataTypeName": "text", "format": {"noCommas": "false", "align": "right", "precisionStyle": "standard"}, "tableColumnId": 48763189, "fieldName": "premis_cd", "position": 14, "description": "The type of structure or location where the incident took place. "}, {"id": 306091922, "renderTypeName": "text", "cachedContents": {"not_null": "501928", "cardinality": "113", "null": "26", "smallest": "AIRCRAFT", "top": [{"item": "STREET", "count": "479716"}, {"item": "PARKING LOT", "count": "16196"}, {"item": "SIDEWALK", "count": "2497"}, {"item": "ALLEY", "count": "872"}, {"item": "DRIVEWAY", "count": "843"}, {"item": "FREEWAY", "count": "468"}, {"item": "SINGLE FAMILY DWELLING", "count": "326"}, {"item": "GAS STATION", "count": "316"}, {"item": "TRANSPORTATION FACILITY (AIRPORT)", "count": "170"}, {"item": "GARAGE/CARPORT", "count": "141"}, {"item": "OTHER PREMISE", "count": "136"}, {"item": "OTHER/OUTSIDE", "count": "107"}, {"item": "PEDESTRIAN OVERCROSSING", "count": "100"}, {"item": "PARK/PLAYGROUND", "count": "98"}, {"item": "VACANT LOT", "count": "95"}, {"item": "MULTI-UNIT DWELLING (APARTMENT, DUPLEX, ETC)", "count": "84"}, {"item": "PARKING UNDERGROUND/BUILDING", "count": "80"}, {"item": "POLICE FACILITY", "count": "69"}, {"item": "OTHER BUSINESS", "count": "66"}, {"item": "RESTAURANT/FAST FOOD", "count": "40"}], "non_null": "502832", "largest": "YARD (RESIDENTIAL/BUSINESS)"}, "name": "Premise Description", "width": 203, "dataTypeName": "text", "format": {"align": "right", "displayStyle": "plain"}, "tableColumnId": 48763190, "fieldName": "premis_desc", "position": 15, "description": "Defines the Premise Code provided."}, {"id": 306091923, "renderTypeName": "text", "cachedContents": {"not_null": "501953", "cardinality": "26149", "null": "0", "smallest": "00", "top": [{"item": "WESTERN                      AV", "count": "6584"}, {"item": "VENTURA                      BL", "count": "6121"}, {"item": "SHERMAN                      WY", "count": "5993"}, {"item": "SEPULVEDA                    BL", "count": "5690"}, {"item": "VERMONT                      AV", "count": "5512"}, {"item": "VICTORY                      BL", "count": "5313"}, {"item": "SUNSET                       BL", "count": "5238"}, {"item": "FIGUEROA                     ST", "count": "4851"}, {"item": "ROSCOE                       BL", "count": "4557"}, {"item": "OLYMPIC                      BL", "count": "4400"}, {"item": "VAN NUYS                     BL", "count": "4300"}, {"item": "VANOWEN                      ST", "count": "4282"}, {"item": "PICO                         BL", "count": "3888"}, {"item": "WILSHIRE                     BL", "count": "3628"}, {"item": "VENICE                       BL", "count": "3444"}, {"item": "LAUREL CANYON                BL", "count": "3434"}, {"item": "NORMANDIE                    AV", "count": "3347"}, {"item": "BROADWAY", "count": "3248"}, {"item": "3RD                          ST", "count": "3135"}, {"item": "LA BREA                      AV", "count": "3005"}], "non_null": "502858", "largest": "ZUNIGA                       LN"}, "name": "Address", "width": 144, "dataTypeName": "text", "format": {"align": "right", "displayStyle": "plain"}, "tableColumnId": 48763191, "fieldName": "location", "position": 16, "description": "Street address of crime incident rounded to the nearest hundred block to maintain anonymity. "}, {"id": 306091924, "renderTypeName": "text", "cachedContents": {"not_null": "479064", "cardinality": "19707", "null": "22958", "smallest": "10", "top": [{"item": "VERMONT                      AV", "count": "3735"}, {"item": "FIGUEROA                     ST", "count": "3539"}, {"item": "WESTERN                      AV", "count": "3501"}, {"item": "SHERMAN                      WY", "count": "2979"}, {"item": "VICTORY                      BL", "count": "2883"}, {"item": "SEPULVEDA                    BL", "count": "2881"}, {"item": "BROADWAY", "count": "2794"}, {"item": "PICO                         BL", "count": "2699"}, {"item": "3RD                          ST", "count": "2685"}, {"item": "VANOWEN                      ST", "count": "2630"}, {"item": "OLYMPIC                      BL", "count": "2609"}, {"item": "MAIN                         ST", "count": "2538"}, {"item": "VAN NUYS                     BL", "count": "2386"}, {"item": "ROSCOE                       BL", "count": "2380"}, {"item": "NORMANDIE                    AV", "count": "2368"}, {"item": "6TH                          ST", "count": "2325"}, {"item": "WASHINGTON                   BL", "count": "2295"}, {"item": "VENICE                       BL", "count": "2293"}, {"item": "SUNSET                       BL", "count": "2097"}, {"item": "HOOVER                       ST", "count": "2096"}], "non_null": "479900", "largest": "ZORANA                       PL"}, "name": "Cross Street", "width": 169, "dataTypeName": "text", "format": {"align": "right", "displayStyle": "plain"}, "tableColumnId": 48763192, "fieldName": "cross_street", "position": 17, "description": "Cross Street of rounded Address."}, {"id": 306091925, "renderTypeName": "location", "name": "Location", "width": 181, "dataTypeName": "location", "format": {"align": "right", "view": "coords"}, "tableColumnId": 48763193, "fieldName": "location_1", "position": 18, "description": "The location where the crime incident occurred. Actual address is omitted for confidentiality. XY coordinates reflect the nearest 100 block."}, {"id": 343794806, "renderTypeName": "number", "name": "Zip Codes", "computationStrategy": {"parameters": {"primary_key": "_feature_id", "region": "_qz3q-ghft"}, "type": "georegion_match_on_point", "source_columns": ["location_1"]}, "dataTypeName": "number", "format": {}, "tableColumnId": 60907761, "fieldName": ":@computed_region_qz3q_ghft", "position": 23}, {"id": 343794807, "renderTypeName": "number", "name": "Census Tracts", "computationStrategy": {"parameters": {"primary_key": "_feature_id", "region": "_k96s-3jcv"}, "type": "georegion_match_on_point", "source_columns": ["location_1"]}, "dataTypeName": "number", "format": {}, "tableColumnId": 60907762, "fieldName": ":@computed_region_k96s_3jcv", "position": 24}, {"id": 343794808, "renderTypeName": "number", "name": "Precinct Boundaries", "computationStrategy": {"parameters": {"primary_key": "_feature_id", "region": "_tatf-ua23"}, "type": "georegion_match_on_point", "source_columns": ["location_1"]}, "dataTypeName": "number", "format": {}, "tableColumnId": 60907763, "fieldName": ":@computed_region_tatf_ua23", "position": 25}, {"id": 343794809, "renderTypeName": "number", "name": "LA Specific Plans", "computationStrategy": {"parameters": {"primary_key": "_feature_id", "region": "_ur2y-g4cx"}, "type": "georegion_match_on_point", "source_columns": ["location_1"]}, "dataTypeName": "number", "format": {}, "tableColumnId": 60907764, "fieldName": ":@computed_region_ur2y_g4cx", "position": 26}, {"id": 343794810, "renderTypeName": "number", "name": "Council Districts", "computationStrategy": {"parameters": {"primary_key": "_feature_id", "region": "_kqwf-mjcx"}, "type": "georegion_match_on_point", "source_columns": ["location_1"]}, "dataTypeName": "number", "format": {}, "tableColumnId": 60907765, "fieldName": ":@computed_region_kqwf_mjcx", "position": 27}, {"id": 343794811, "renderTypeName": "number", "name": "Neighborhood Councils (Certified)", "computationStrategy": {"parameters": {"primary_key": "_feature_id", "region": "_2dna-qi2s"}, "type": "georegion_match_on_point", "source_columns": ["location_1"]}, "dataTypeName": "number", "format": {}, "tableColumnId": 60907766, "fieldName": ":@computed_region_2dna_qi2s", "position": 28}], "licenseId": "CC0_10", "rowIdentifierColumnId": 313831413, "rowsUpdatedAt": 1575394210, "indexUpdatedAt": 1556035287, "hideFromCatalog": false, "description": "This dataset reflects traffic collision incidents in the City of Los Angeles dating back to 2010. This data is transcribed from original traffic reports that are typed on paper and therefore there may be some inaccuracies within the data. Some location fields with missing data are noted as (0\u00b0, 0\u00b0). Address fields are only provided to the nearest hundred block in order to maintain privacy. This data is as accurate as the data in the database. Please note questions or concerns in the comments.\n\nMO codes description can be found here:  https://data.lacity.org/api/views/y8tr-7khq/files/3a2acdce-ef66-4cd6-b32c-ca6fa9c5336f?download=true&filename=MO_CODES_Numerical_20180627.pdf"}